province,need_score,need_rank,cluster,need_level
badakhshan,0.0,4,4,lowest
balkh,0.2686893287381897,3,0,low
bamyan,0.13692303436823655,3,0,lowest
helmand,0.327096066228333,2,1,low
herat,0.5657741916427856,1,2,high
kabul,1.0,0,3,highest
kandahar,0.24237660240977169,4,4,lowest
nangarhar,0.4138938858764566,1,2,low
