admin1,need_score,need_rank,cluster,need_level
,0.4375767602693635,2,3,medium
badakhshan,0.2269709253186029,3,1,lowest
balkh,0.5533044798021945,1,0,medium
farah,0.4375767602693635,2,3,medium
ghazni,0.34500016182133875,2,3,low
helmand,0.0,4,4,lowest
herat,0.7006612088646972,1,0,high
kabul,1.0,0,2,high
kandahar,0.2764611658102711,3,1,lowest
laghman,0.5726947072809858,1,0,medium
logar,0.6514320011525222,1,0,high
nangarhar,0.3783158059912378,2,3,low
